Selectivity,DirectScan(ms),IndexScan(ms),Ratio
0.01,43,12,3.5833333333333335
0.05,13,18,0.7222222222222222
0.1,13,23,0.5652173913043478
0.2,4,32,0.125
0.5,4,29,0.13793103448275862
