Selectivity,DirectScan(ms),IndexScan(ms),Ratio
0.01,162,113,1.4336283185840708
0.05,58,203,0.2857142857142857
0.1,75,59,1.271186440677966
0.2,29,85,0.3411764705882353
0.5,27,88,0.3068181818181818
