Selectivity,DirectScan(ms),IndexScan(ms),Ratio
0.01,1149,3294,0.348816029143898
0.05,1475,5196,0.2838722093918399
0.1,1838,4715,0.38981972428419936
0.2,1754,4442,0.39486717694732104
0.5,1917,6237,0.30735930735930733
