Selectivity,DirectScan(ms),IndexScan(ms),Ratio
0.001,786,67,11.73134328358209
0.01,280,109,2.5688073394495414
0.05,380,102,3.7254901960784315
0.1,358,68,5.264705882352941
0.2,519,109,4.761467889908257
